service_name,unit_price,category
Website & Brand Identity Package,650.00,Creative & Design
27-inch 4K Ultra-HD Monitor,380.00,Electronics & Hardware
Ergonomic Mesh Office Chair,240.00,Office Furniture
Wireless Mechanical Keyboard,110.00,Computer Accessories
Corporate Legal & Compliance Advisory,350.00,Professional Consulting
High-Performance Cloud Server Hosting (Annual),450.00,IT & Infrastructure
SEO & Digital Growth Marketing Campaign,200.00,Marketing
Heavy-Duty Shipping Boxes (Pack of 100),85.00,Logistics & Supplies
Enterprise Software License (Annual),500.00,Software
Corporate Training & Onboarding Workshop,300.00,Human Resources
Python Backend API Development,400.00,Engineering
Website UI/UX Design,500.00,Design
AI Chatbot Integration,600.00,AI & ML
Cybersecurity Vulnerability Assessment,450.00,Security
DevOps CI/CD Pipeline Setup,300.00,DevOps
